{
  "model__baseline": {
    "train_acc": 0.99976,
    "test_acc": 0.9388
  },
  "model__mean_0.792_0.415_0.84": {
    "train_acc": 0.79688,
    "test_acc": 0.7493
  },
  "model__mean_0.852_0.402_0.919": {
    "train_acc": 0.55446,
    "test_acc": 0.5345
  },
  "model__mean_0.913_0.388_0.998": {
    "train_acc": 0.43876,
    "test_acc": 0.424
  },
  "model__mean_0.642_0.173_0.809": {
    "train_acc": 0.56538,
    "test_acc": 0.5423
  },
  "model__mean_0.672_0.111_0.882": {
    "train_acc": 0.75054,
    "test_acc": 0.7087
  },
  "model__mean_0.702_0.049_0.954": {
    "train_acc": 0.17658,
    "test_acc": 0.1765
  },
  "model__mean_0.724_0.265_0.832": {
    "train_acc": 0.51402,
    "test_acc": 0.5014
  },
  "model__mean_0.77_0.221_0.909": {
    "train_acc": 0.38884,
    "test_acc": 0.3753
  },
  "model__mean_0.817_0.178_0.986": {
    "train_acc": 0.32114,
    "test_acc": 0.3102
  },
  "model__mean_0.792_0.415_0.84_std_1.0_1.0_1.0": {
    "train_acc": 0.24838,
    "test_acc": 0.2421
  },
  "model__mean_0.852_0.402_0.919_std_1.0_1.0_1.0": {
    "train_acc": 0.24628,
    "test_acc": 0.2418
  },
  "model__mean_0.913_0.388_0.998_std_1.0_1.0_1.0": {
    "train_acc": 0.22318,
    "test_acc": 0.2214
  },
  "model__mean_0.642_0.173_0.809_std_1.0_1.0_1.0": {
    "train_acc": 0.25574,
    "test_acc": 0.2579
  },
  "model__mean_0.672_0.111_0.882_std_1.0_1.0_1.0": {
    "train_acc": 0.23072,
    "test_acc": 0.2316
  },
  "model__mean_0.702_0.049_0.954_std_1.0_1.0_1.0": {
    "train_acc": 0.24592,
    "test_acc": 0.2418
  },
  "model__mean_0.724_0.265_0.832_std_1.0_1.0_1.0": {
    "train_acc": 0.20464,
    "test_acc": 0.2003
  },
  "model__mean_0.77_0.221_0.909_std_1.0_1.0_1.0": {
    "train_acc": 0.22978,
    "test_acc": 0.2284
  },
  "model__mean_0.817_0.178_0.986_std_1.0_1.0_1.0": {
    "train_acc": 0.20222,
    "test_acc": 0.2047
  }
}