{
  "model_baseline": {
    "train_acc": 1.0,
    "test_acc": 0.9458
  },
  "model_mean_0.774_0.439_0.859": {
    "train_acc": 0.99998,
    "test_acc": 0.9433
  },
  "model_mean_0.697_0.094_0.976": {
    "train_acc": 0.99998,
    "test_acc": 0.9421
  },
  "model_mean_0.761_0.786_0.128": {
    "train_acc": 1.0,
    "test_acc": 0.9437
  },
  "model_std_0.3471_0.3435_0.3616": {
    "train_acc": 0.99998,
    "test_acc": 0.9429
  },
  "model_std_0.2971_0.2935_0.3116": {
    "train_acc": 0.99998,
    "test_acc": 0.9435
  },
  "model_std_0.2721_0.2685_0.2866": {
    "train_acc": 0.99998,
    "test_acc": 0.9439
  },
  "model_std_0.1471_0.1435_0.1616": {
    "train_acc": 0.99996,
    "test_acc": 0.9419
  },
  "model_std_0.1971_0.1935_0.2116": {
    "train_acc": 0.99998,
    "test_acc": 0.9434
  },
  "model_std_0.2221_0.2185_0.2366": {
    "train_acc": 0.99998,
    "test_acc": 0.943
  }
}