{
  "model__baseline": {
    "train_acc": 0.99998,
    "test_acc": 0.9433
  },
  "model__mean_0.792_0.415_0.84": {
    "train_acc": 0.99998,
    "test_acc": 0.943
  },
  "model__mean_0.852_0.402_0.919": {
    "train_acc": 1.0,
    "test_acc": 0.9429
  },
  "model__mean_0.913_0.388_0.998": {
    "train_acc": 0.99992,
    "test_acc": 0.9428
  },
  "model__mean_0.642_0.173_0.809": {
    "train_acc": 1.0,
    "test_acc": 0.9436
  },
  "model__mean_0.672_0.111_0.882": {
    "train_acc": 1.0,
    "test_acc": 0.9437
  },
  "model__mean_0.702_0.049_0.954": {
    "train_acc": 1.0,
    "test_acc": 0.9441
  },
  "model__mean_0.724_0.265_0.832": {
    "train_acc": 0.99998,
    "test_acc": 0.941
  },
  "model__mean_0.77_0.221_0.909": {
    "train_acc": 0.99996,
    "test_acc": 0.944
  },
  "model__mean_0.817_0.178_0.986": {
    "train_acc": 0.99996,
    "test_acc": 0.9401
  },
  "model__mean_0.792_0.415_0.84_std_1.0_1.0_1.0": {
    "train_acc": 0.99996,
    "test_acc": 0.9408
  },
  "model__mean_0.852_0.402_0.919_std_1.0_1.0_1.0": {
    "train_acc": 0.99994,
    "test_acc": 0.9412
  },
  "model__mean_0.913_0.388_0.998_std_1.0_1.0_1.0": {
    "train_acc": 0.99998,
    "test_acc": 0.9445
  },
  "model__mean_0.642_0.173_0.809_std_1.0_1.0_1.0": {
    "train_acc": 0.99998,
    "test_acc": 0.942
  },
  "model__mean_0.672_0.111_0.882_std_1.0_1.0_1.0": {
    "train_acc": 0.99996,
    "test_acc": 0.9433
  },
  "model__mean_0.702_0.049_0.954_std_1.0_1.0_1.0": {
    "train_acc": 0.99998,
    "test_acc": 0.9421
  },
  "model__mean_0.724_0.265_0.832_std_1.0_1.0_1.0": {
    "train_acc": 0.99998,
    "test_acc": 0.9424
  },
  "model__mean_0.77_0.221_0.909_std_1.0_1.0_1.0": {
    "train_acc": 0.99996,
    "test_acc": 0.9416
  },
  "model__mean_0.817_0.178_0.986_std_1.0_1.0_1.0": {
    "train_acc": 0.99998,
    "test_acc": 0.9436
  }
}