{
  "model_baseline": {
    "train_acc": 0.9998,
    "test_acc": 0.941
  },
  "model_mean_0.774_0.439_0.859": {
    "train_acc": 0.71242,
    "test_acc": 0.6857
  },
  "model_mean_0.697_0.094_0.976": {
    "train_acc": 0.43628,
    "test_acc": 0.4244
  },
  "model_mean_0.761_0.786_0.128": {
    "train_acc": 0.58896,
    "test_acc": 0.5589
  },
  "model_std_0.3471_0.3435_0.3616": {
    "train_acc": 0.96644,
    "test_acc": 0.8957
  },
  "model_std_0.2971_0.2935_0.3116": {
    "train_acc": 0.99402,
    "test_acc": 0.9259
  },
  "model_std_0.2721_0.2685_0.2866": {
    "train_acc": 0.99824,
    "test_acc": 0.9344
  },
  "model_std_0.1471_0.1435_0.1616": {
    "train_acc": 0.9985,
    "test_acc": 0.9322
  },
  "model_std_0.1971_0.1935_0.2116": {
    "train_acc": 0.99996,
    "test_acc": 0.9423
  },
  "model_std_0.2221_0.2185_0.2366": {
    "train_acc": 0.99998,
    "test_acc": 0.9401
  }
}