{
  "model__mean_-0.631_-0.648_0.624": {
    "train_acc": 0.10934,
    "test_acc": 0.1111
  },
  "model__mean_-0.631_-0.97_-0.058": {
    "train_acc": 0.1,
    "test_acc": 0.1
  },
  "model__mean_-0.668_-0.004_0.165": {
    "train_acc": 0.10752,
    "test_acc": 0.1074
  },
  "model__mean_0.26_0.855_-0.536": {
    "train_acc": 0.11912,
    "test_acc": 0.1191
  },
  "model__mean_0.365_-0.892_-0.559": {
    "train_acc": 0.10746,
    "test_acc": 0.1088
  },
  "model__mean_0.456_0.837_0.251": {
    "train_acc": 0.39996,
    "test_acc": 0.3927
  },
  "model__mean_0.598_0.036_-0.537": {
    "train_acc": 0.33116,
    "test_acc": 0.3248
  },
  "model__mean_0.648_-0.572_0.483": {
    "train_acc": 0.1034,
    "test_acc": 0.1027
  },
  "model__mean_0.78_0.026_-0.51": {
    "train_acc": 0.26098,
    "test_acc": 0.2571
  },
  "model__mean_0.847_-0.447_0.64": {
    "train_acc": 0.12204,
    "test_acc": 0.1217
  }
}