{
  "model__mean_-0.477_0.49_-0.996": {
    "train_acc": 0.09996,
    "test_acc": 0.0999
  },
  "model__mean_-0.767_-0.475_0.515": {
    "train_acc": 0.1051,
    "test_acc": 0.1064
  },
  "model__mean_-0.261_-0.614_0.349": {
    "train_acc": 0.10862,
    "test_acc": 0.1095
  },
  "model__mean_0.369_-0.311_-0.81": {
    "train_acc": 0.10596,
    "test_acc": 0.1055
  },
  "model__mean_-0.574_-0.897_0.64": {
    "train_acc": 0.09996,
    "test_acc": 0.1
  },
  "model__mean_-0.937_0.102_0.19": {
    "train_acc": 0.13744,
    "test_acc": 0.1415
  },
  "model__mean_-0.767_0.2_0.033": {
    "train_acc": 0.10458,
    "test_acc": 0.1051
  },
  "model__mean_-0.426_0.063_0.079": {
    "train_acc": 0.28002,
    "test_acc": 0.2729
  },
  "model__mean_-0.462_-0.85_0.601": {
    "train_acc": 0.1,
    "test_acc": 0.1001
  },
  "model__mean_-0.56_0.306_-0.188": {
    "train_acc": 0.10086,
    "test_acc": 0.1005
  }
}