{
  "model__mean_-0.731_-0.311_0.544": {
    "train_acc": 0.10014,
    "test_acc": 0.1001
  },
  "model__mean_0.219_-0.247_-0.174": {
    "train_acc": 0.35806,
    "test_acc": 0.3572
  },
  "model__mean_-0.721_0.778_-0.601": {
    "train_acc": 0.14054,
    "test_acc": 0.1426
  },
  "model__mean_0.749_-0.448_-0.776": {
    "train_acc": 0.10594,
    "test_acc": 0.1063
  },
  "model__mean_-0.311_-0.857_0.897": {
    "train_acc": 0.1436,
    "test_acc": 0.1449
  },
  "model__mean_0.205_0.181_-0.549": {
    "train_acc": 0.1805,
    "test_acc": 0.1802
  },
  "model__mean_-0.804_0.685_0.01": {
    "train_acc": 0.13994,
    "test_acc": 0.1432
  },
  "model__mean_0.6_-0.734_0.089": {
    "train_acc": 0.13936,
    "test_acc": 0.1433
  },
  "model__mean_-0.511_-0.221_0.837": {
    "train_acc": 0.10034,
    "test_acc": 0.1001
  },
  "model__mean_0.853_-0.615_-0.149": {
    "train_acc": 0.09476,
    "test_acc": 0.0913
  }
}